N,P,K,pH,Moisture,Temp,Yield_kg
201.2,52.8,106.7,6.3,44.5,22.9,181.2
138.8,44.1,227.5,6.3,79.5,26.9,216.4
147.2,40.4,215.9,6.7,82.0,29.5,195.1
135.1,50.3,172.0,6.7,59.2,28.4,185.6
139.5,38.9,165.6,6.4,74.4,24.7,194.2
110.4,46.0,92.3,5.8,70.4,29.9,119.7
94.6,44.8,249.6,6.8,74.7,25.2,203.9
138.2,57.6,273.8,6.3,68.7,24.8,230.4
59.5,44.0,158.8,7.6,67.8,27.7,124.5
142.2,49.3,194.8,6.0,63.3,30.8,155.1
135.9,32.7,82.5,6.7,60.7,28.6,146.9
102.3,42.3,157.8,6.4,50.7,30.8,123.3
125.7,60.7,199.8,6.8,43.0,29.2,165.2
97.2,61.3,147.5,6.3,78.7,20.5,136.7
92.0,53.2,148.3,6.9,75.5,26.3,174.8
148.7,38.5,146.0,6.6,77.6,24.1,188.5
125.7,35.3,180.3,6.0,56.8,25.3,166.1
179.4,35.1,272.7,6.2,53.1,29.3,206.1
198.2,38.4,220.8,6.2,65.3,26.1,234.0
140.5,49.4,156.1,6.7,70.7,29.7,177.4
129.1,36.4,201.0,6.7,47.8,23.0,163.4
170.8,32.7,256.7,6.8,44.7,24.8,204.7
68.8,30.8,163.2,6.2,64.2,27.6,139.0
85.2,36.3,163.5,6.4,59.4,26.2,162.4
116.0,20.1,218.8,6.4,75.1,28.3,183.8
131.7,26.9,176.4,6.4,53.3,32.4,97.3
125.0,33.2,202.3,6.6,84.5,25.6,205.5
125.5,40.9,178.6,7.0,78.0,21.3,148.4
144.2,64.5,167.2,6.6,70.4,25.4,212.7
122.2,54.4,300.0,7.1,65.3,30.8,182.2
139.2,47.6,137.1,6.6,66.4,35.1,44.6
129.9,25.8,159.2,6.0,63.2,26.0,164.5
105.1,38.8,203.3,6.8,66.5,31.1,134.9
97.4,52.7,214.5,6.3,63.5,28.4,185.3
91.7,60.3,172.5,5.9,63.7,29.1,156.0
134.5,17.0,162.7,6.9,61.7,26.6,157.0
116.5,61.4,177.2,6.5,57.3,26.0,194.4
177.1,42.9,161.4,5.8,71.7,31.4,155.2
127.1,56.0,200.3,6.0,63.7,26.8,193.1
179.9,38.1,119.1,6.7,63.2,27.3,184.4
90.2,44.3,161.3,6.1,46.8,26.7,149.1
125.9,30.5,196.4,6.8,55.8,32.3,106.3
85.9,46.1,204.2,6.8,84.8,25.4,186.8
120.0,63.6,173.8,6.4,64.2,29.4,176.3
150.8,60.8,210.7,6.7,55.5,27.8,200.9
115.3,55.0,69.1,6.5,71.8,27.3,170.0
119.1,35.3,174.5,6.6,40.5,32.8,72.0
139.5,42.1,140.9,7.5,53.9,31.1,104.2
184.6,37.9,203.0,6.3,70.3,24.0,218.7
101.7,49.1,198.3,6.7,75.6,28.8,181.7
97.3,56.8,253.8,6.9,61.0,22.1,173.0
109.6,30.8,137.0,7.1,70.8,30.1,125.3
124.4,38.6,94.4,6.6,47.5,25.0,144.7
105.6,56.2,238.3,6.9,50.6,24.5,180.6
136.8,58.3,176.7,6.8,84.9,27.4,212.3
150.7,30.4,159.3,6.4,47.2,24.8,170.5
92.2,44.1,210.4,6.6,82.4,23.2,189.6
175.9,59.9,89.9,6.6,65.0,27.9,184.4
86.0,59.8,147.9,6.4,68.7,21.3,142.9
138.3,40.6,177.4,6.5,52.8,26.2,188.9
131.6,58.0,172.7,5.6,53.0,25.7,167.8
182.5,49.4,181.5,7.1,52.3,26.4,203.4
108.7,33.5,209.3,6.5,68.2,31.6,134.7
126.9,65.3,178.0,6.4,59.8,23.5,185.5
140.4,40.1,141.4,6.7,50.1,31.0,120.3
151.1,43.6,144.3,6.3,61.9,28.4,178.6
119.1,26.0,194.0,6.8,68.6,26.1,179.6
178.2,39.0,235.9,6.3,53.6,27.4,213.6
89.8,36.4,167.0,7.0,64.5,33.5,51.3
97.7,23.6,257.5,7.0,71.3,29.7,156.6
125.6,50.2,157.0,6.5,42.6,22.7,151.4
98.0,36.4,156.8,6.4,65.0,33.4,68.2
78.5,56.1,176.5,6.2,80.0,21.9,158.7
164.5,41.4,278.9,6.2,64.8,32.6,154.6
148.8,58.6,146.4,6.6,63.0,28.1,194.0
55.8,45.7,136.2,5.7,62.5,30.8,81.8
149.8,42.7,223.1,6.8,53.5,28.2,191.6
155.8,42.6,202.4,6.9,63.7,22.2,176.3
88.6,34.8,130.3,6.6,80.5,30.1,142.2
158.8,39.0,195.8,6.6,65.9,26.8,205.0
76.0,54.9,218.2,6.4,70.8,27.2,190.9
105.2,54.8,177.2,5.8,60.5,31.1,123.4
115.1,43.4,200.5,7.0,57.1,33.5,78.6
134.6,43.9,186.5,6.2,69.6,26.0,202.8
131.8,28.6,166.4,6.0,55.3,22.5,140.8
126.6,39.0,145.1,6.8,52.6,27.8,158.3
94.3,38.6,190.5,6.2,59.5,20.3,107.6
166.3,29.1,180.8,6.3,43.4,25.4,172.2
140.0,59.3,144.8,6.5,58.5,31.5,138.1
103.9,42.6,199.7,6.5,60.9,29.2,167.3
102.9,43.5,153.2,6.6,73.0,30.2,150.1
162.2,54.3,187.1,6.8,84.6,31.9,158.8
139.3,33.9,259.8,6.8,63.6,32.2,139.3
92.8,53.2,131.7,6.2,54.3,28.3,148.3
108.3,17.8,166.0,6.2,64.0,30.5,120.5
150.8,38.1,189.4,6.1,66.9,27.6,189.6
60.8,20.9,158.4,5.7,66.4,26.8,127.3
94.0,59.8,206.8,6.3,81.3,29.2,191.3
141.6,53.9,142.2,6.0,73.8,25.7,186.5
83.3,37.3,100.0,6.6,72.9,26.0,144.8
168.2,45.1,125.8,6.3,65.6,30.4,157.9
86.5,34.8,152.3,6.9,72.6,32.9,76.1
78.4,49.9,237.9,6.4,56.5,26.3,181.7
80.1,54.3,197.3,6.5,65.8,31.7,130.3
121.2,37.7,97.0,6.4,77.8,32.1,106.5
107.7,49.6,120.1,5.9,83.6,31.2,119.1
96.9,34.7,178.9,6.1,64.0,28.8,150.3
123.3,41.1,212.9,6.1,73.1,24.3,188.8
95.9,47.6,131.2,6.4,49.1,34.0,35.6
127.6,54.2,190.3,6.4,61.0,26.0,201.6
139.5,37.1,148.0,6.9,75.4,29.0,179.3
130.8,43.7,175.8,6.2,95.0,21.5,178.3
87.6,50.4,170.3,6.2,63.1,26.1,159.3
147.1,54.3,249.6,6.6,79.1,24.0,234.8
124.9,61.8,142.1,5.9,61.6,24.3,172.2
145.0,43.0,153.4,7.3,62.5,30.2,141.2
149.3,68.2,233.0,7.1,69.6,28.2,213.7
108.4,35.5,160.6,6.9,72.1,30.5,136.5
143.5,55.2,215.2,6.0,58.5,27.4,194.7
98.7,64.3,122.7,6.7,69.5,21.4,132.9
137.6,67.4,125.7,6.5,72.3,23.0,186.2
71.4,43.8,193.5,5.9,64.9,25.7,158.1
140.3,32.4,176.3,6.8,42.3,24.5,160.8
120.8,26.8,115.1,6.2,61.3,29.3,136.2
69.7,39.9,174.5,6.2,69.0,20.2,103.8
130.0,23.0,238.2,6.4,58.5,23.6,179.4
104.0,35.6,208.4,6.8,88.4,29.1,185.2
183.5,23.2,215.5,6.6,65.4,31.5,158.5
125.9,49.1,141.3,6.9,70.8,32.1,118.7
189.1,58.4,190.9,5.7,79.9,24.4,220.4
141.9,43.2,206.8,6.3,45.7,28.5,183.6
94.1,62.6,142.5,6.4,73.4,25.5,188.7
129.2,41.0,196.5,6.2,38.5,28.1,162.2
127.3,52.7,121.7,6.3,74.7,30.9,142.6
145.9,33.6,187.3,6.0,66.8,26.4,186.9
73.2,47.9,156.4,7.0,57.6,28.7,133.8
112.4,54.9,264.0,6.8,69.6,35.1,69.6
102.7,49.3,155.7,6.8,85.2,29.6,164.9
127.1,57.7,175.4,6.1,72.4,27.6,191.6
126.0,47.1,135.0,6.5,88.5,29.8,181.8
129.8,46.2,236.9,6.5,74.9,30.5,186.4
140.2,47.2,113.5,6.0,58.0,19.1,71.8
114.8,59.7,151.8,6.4,72.1,26.1,189.1
143.4,49.9,94.0,6.2,82.6,33.1,100.0
108.5,50.8,116.9,6.1,56.6,25.0,152.0
107.7,47.7,206.3,6.2,84.5,28.0,199.9
130.3,59.4,196.7,6.3,61.6,22.0,174.8
125.9,16.9,213.3,6.7,73.9,23.1,177.5
90.5,37.6,211.8,7.0,69.4,24.1,168.9
186.9,45.8,192.4,6.6,58.3,28.5,209.8
90.9,46.8,181.4,7.7,51.3,26.6,133.4
74.3,27.3,62.4,6.0,66.5,26.7,113.1
154.0,63.9,175.0,6.1,59.3,26.8,200.1
135.8,47.3,140.9,6.7,57.9,25.5,172.5
131.8,38.6,199.9,7.1,69.1,27.3,184.1
101.1,62.0,203.9,5.8,73.5,29.4,175.0
78.1,56.6,157.1,6.7,54.5,30.7,123.8
113.4,27.3,139.0,6.1,60.4,23.9,146.0
118.6,18.7,222.9,6.4,67.8,31.9,122.0
120.4,34.6,171.9,6.3,79.8,24.4,187.1
122.8,55.5,141.8,6.3,57.1,27.9,167.3
157.2,55.1,218.0,6.1,55.4,22.4,183.7
87.1,49.2,196.4,7.4,72.4,25.6,175.9
62.8,55.1,235.0,6.5,67.9,18.4,84.3
108.6,42.7,153.1,6.3,61.5,23.6,160.4
70.0,59.6,193.7,5.3,57.4,23.3,127.3
40.0,55.4,197.2,6.8,84.2,30.2,141.4
165.7,34.1,205.7,6.6,65.8,27.1,207.9
125.3,44.4,86.1,5.8,82.7,31.9,99.9
101.2,46.1,121.9,6.3,65.8,25.3,163.2
108.3,55.4,219.5,6.4,66.9,24.2,195.7
172.3,33.7,240.6,6.7,90.1,30.9,201.5
153.9,44.2,173.5,5.6,78.9,28.1,184.1
146.9,52.0,174.9,6.4,62.3,31.0,159.8
129.9,39.2,237.5,6.5,50.5,26.0,191.7
88.1,56.3,173.5,5.8,67.2,27.8,160.5
116.2,54.4,195.9,6.6,56.9,29.2,176.3
91.6,38.2,128.1,6.5,63.8,29.4,137.4
180.9,44.8,132.9,5.9,56.9,29.6,155.6
88.6,47.6,139.6,6.4,73.0,23.4,164.8
80.8,44.8,205.5,6.3,76.1,30.0,156.0
71.0,32.1,195.5,6.4,70.8,35.0,27.1
144.1,35.8,262.3,6.3,91.0,29.4,222.6
70.0,66.4,168.3,6.7,72.1,31.1,136.3
138.3,39.9,142.8,5.6,63.2,28.7,150.1
128.6,51.5,192.1,6.3,60.3,21.1,150.2
113.8,38.9,225.1,6.8,73.8,26.8,200.5
194.8,21.5,78.5,6.7,64.0,26.7,168.6
103.6,69.9,241.0,6.5,55.4,28.0,200.5
134.9,34.9,143.1,6.3,58.1,25.2,165.1
82.9,46.1,154.4,6.4,65.6,22.2,138.2
96.0,34.6,167.6,6.0,63.2,26.5,161.8
142.6,39.9,155.5,6.8,65.4,25.7,179.5
96.8,43.7,148.5,6.6,72.3,30.1,140.0
119.0,39.3,131.2,6.2,58.0,30.7,122.2
140.7,50.6,227.8,6.6,69.7,28.1,213.6
122.4,65.5,182.3,5.7,73.9,34.7,54.7
107.5,40.8,187.7,6.0,76.8,26.8,180.1
121.6,59.8,177.8,7.0,46.1,25.6,171.7
56.5,37.3,123.8,7.0,54.1,34.9,-20.8
111.6,50.0,232.7,6.2,68.8,29.1,185.3
151.9,37.8,179.1,6.3,83.5,25.6,217.1
172.6,44.5,170.8,6.2,56.8,27.1,198.0
140.9,44.3,133.8,6.3,77.0,26.8,192.2
124.6,60.5,195.2,6.4,60.0,24.2,193.9
125.0,53.3,197.0,6.6,42.5,33.6,74.1
97.0,50.8,98.2,6.9,64.6,26.8,148.2
148.9,41.5,228.5,6.4,68.2,30.7,169.4
147.1,55.7,211.3,6.5,69.3,24.8,219.9
103.9,55.9,226.0,6.0,66.2,29.7,175.7
73.5,47.4,190.3,5.7,62.0,32.3,86.0
133.1,38.4,126.6,7.1,62.1,28.7,149.3
157.8,48.1,179.9,6.8,76.2,32.0,147.9
106.6,28.3,203.8,6.2,52.2,28.1,160.1
128.0,57.9,180.6,6.4,41.4,29.7,159.1
132.4,21.5,194.9,6.4,61.1,27.1,175.9
149.7,59.3,170.7,7.3,62.7,27.9,186.8
135.4,34.2,169.7,6.2,68.6,26.8,184.0
92.2,37.2,242.6,6.7,59.5,26.7,181.4
145.4,39.7,271.2,6.3,72.8,30.0,200.0
111.0,53.3,151.1,6.9,50.5,29.1,145.5
120.9,39.0,131.3,7.3,71.4,30.5,121.7
146.7,55.7,294.3,6.7,60.3,28.9,220.5
64.8,58.3,182.9,5.8,74.5,32.9,80.0
145.9,56.8,157.1,6.2,58.7,29.0,173.2
87.7,33.2,98.5,6.7,56.0,26.3,134.5
102.6,60.7,286.9,6.9,66.1,26.9,217.4
156.3,38.3,181.8,6.4,57.2,24.9,195.7
156.1,70.9,210.1,6.2,72.0,24.5,221.8
95.4,39.9,224.4,5.8,75.5,32.8,97.7
89.1,18.2,186.0,5.9,60.1,31.9,88.6
74.3,57.5,197.6,7.3,82.5,31.4,124.8
94.4,42.3,227.9,6.3,48.2,21.2,133.0
168.1,31.8,159.3,6.2,56.2,26.7,182.6
125.6,32.8,180.7,6.3,68.4,27.0,185.1
90.2,65.2,287.4,6.9,39.3,29.8,167.4
116.0,42.7,161.6,6.1,51.9,25.3,156.0
79.9,40.6,131.5,7.0,60.5,30.8,101.4
117.3,47.3,173.2,7.5,68.3,25.1,172.1
141.0,50.8,230.1,6.7,74.9,33.0,133.6
77.7,30.8,101.9,5.6,61.7,36.5,-81.8
146.1,48.1,208.6,6.1,62.0,24.5,202.5
167.6,36.0,125.1,6.6,70.8,25.9,199.0
147.9,44.8,196.7,7.0,51.4,28.7,176.5
103.5,46.2,146.5,6.3,60.2,28.8,151.0
148.3,84.3,108.4,6.6,71.1,28.4,205.8
90.7,60.3,166.8,6.9,64.3,28.8,159.1
88.4,79.9,134.9,6.0,88.1,26.5,193.0
185.0,41.7,136.0,6.4,55.1,26.0,195.2
82.0,57.0,190.0,6.5,51.0,27.8,171.4
95.9,48.0,205.0,5.7,69.0,30.6,136.0
112.4,63.5,181.7,5.8,51.7,23.7,161.1
122.7,20.4,275.3,6.7,68.1,24.5,198.6
159.7,28.7,171.2,7.2,53.9,23.7,157.7
143.8,24.3,129.7,6.9,66.1,25.6,161.1
160.8,55.6,97.2,6.3,71.7,29.4,173.9
143.2,35.0,171.2,6.7,63.6,28.0,181.0
128.8,49.0,228.3,6.5,68.2,25.1,210.2
78.3,49.1,193.5,6.7,50.8,28.1,155.2
124.4,41.8,126.3,6.7,75.8,29.2,159.4
98.1,56.2,170.9,6.0,87.2,25.6,188.7
98.4,42.5,130.4,5.8,74.2,27.0,153.4
111.4,57.2,176.0,6.8,83.5,26.8,204.8
182.7,37.2,191.0,6.9,64.3,19.4,130.5
150.1,50.7,227.6,6.3,69.8,29.9,206.1
151.0,53.0,155.3,6.4,78.1,28.1,203.6
87.6,26.2,166.4,6.7,54.3,30.9,106.3
120.0,46.8,176.3,6.7,61.4,28.0,178.7
113.4,41.1,164.3,6.2,59.4,31.7,103.2
128.8,35.6,123.3,6.7,70.3,24.0,172.5
145.0,74.7,150.8,6.4,67.2,29.8,191.6
115.8,55.7,74.4,6.1,55.5,26.2,143.3
123.6,58.5,117.2,6.4,62.0,28.4,164.1
140.0,67.4,142.0,6.6,61.8,29.1,180.5
132.2,53.5,180.9,6.8,72.4,26.5,199.7
144.2,38.4,72.2,6.8,73.0,29.9,139.1
40.0,62.7,134.0,6.2,52.6,25.8,139.5
90.4,33.3,128.0,6.5,59.9,28.7,139.6
115.3,30.4,293.9,6.2,53.8,26.6,195.7
89.6,49.3,198.1,6.9,73.7,27.2,180.1
87.4,53.4,195.9,6.7,85.3,30.5,162.8
43.0,36.7,220.0,6.5,55.4,23.5,146.7
139.8,39.8,141.7,6.0,62.0,24.5,165.0
110.0,36.3,220.0,7.1,65.7,29.0,160.8
92.1,50.6,188.8,6.2,51.8,30.3,132.7
171.5,44.8,182.7,6.2,79.2,26.0,224.3
105.9,39.9,208.0,6.5,59.5,30.3,150.5
145.8,43.9,231.2,6.8,73.0,32.5,133.2
126.9,57.8,90.6,6.6,72.4,35.0,28.6
138.6,43.9,172.3,6.2,57.3,27.3,181.6
58.4,43.3,300.0,6.2,81.6,31.2,156.1
115.0,41.0,235.6,6.6,70.8,29.8,184.9
106.6,63.6,188.6,6.6,75.1,29.6,176.8
140.6,51.6,149.7,6.5,51.2,26.4,186.6
203.6,59.6,146.0,6.2,65.9,22.8,203.1
165.7,48.8,263.1,6.2,52.4,28.6,212.4
158.7,26.4,196.5,6.1,90.6,25.9,213.5
75.7,40.1,134.1,7.0,66.4,24.7,146.8
126.4,47.1,210.1,6.0,58.0,26.4,186.8
112.8,59.8,154.1,6.7,47.4,33.0,89.0
77.4,16.4,140.9,6.4,85.9,30.4,127.2
129.6,53.2,155.0,5.8,77.5,25.7,184.8
150.2,58.9,138.5,6.9,52.1,34.4,54.8
129.9,32.8,102.4,6.1,66.9,26.9,152.5
147.6,27.1,207.1,6.7,59.0,26.4,196.0
160.5,82.6,176.7,6.4,77.9,29.3,221.0
108.7,44.7,80.8,6.8,67.3,27.7,146.0
178.7,36.5,50.0,6.1,46.6,30.3,120.5
94.3,46.6,201.2,6.6,70.9,22.1,158.9
113.3,56.9,241.3,7.1,77.8,22.3,179.4
118.5,36.2,292.0,6.3,68.3,31.3,160.3
106.8,61.5,168.1,7.3,78.3,23.4,178.8
75.0,25.1,185.6,6.7,48.1,23.9,137.9
151.8,43.6,123.5,5.5,74.7,25.6,170.9
175.6,45.4,93.9,6.7,47.0,28.2,156.4
135.1,62.8,182.8,6.3,72.6,27.1,214.7
123.4,43.4,145.4,6.8,54.4,31.1,115.6
108.9,43.6,184.0,7.0,58.6,26.1,171.6
133.8,41.1,192.8,6.7,63.3,18.0,73.4
137.6,15.9,110.0,6.0,85.8,27.3,168.6
114.5,38.9,223.5,6.3,72.5,25.3,200.2
101.9,72.0,203.8,7.0,77.9,25.7,213.1
43.4,43.1,253.5,6.3,63.4,24.2,166.0
119.0,54.2,213.5,6.6,51.9,23.3,177.8
162.2,41.1,143.2,6.4,54.2,30.5,152.2
121.8,48.0,151.3,5.6,47.2,32.9,65.1
73.7,41.7,172.0,6.0,79.4,33.0,83.2
95.4,35.1,121.9,6.8,61.4,24.0,137.1
72.0,50.2,209.0,6.4,76.7,25.8,191.6
57.9,35.7,181.9,6.9,53.1,26.1,135.0
165.3,56.9,267.7,5.7,67.4,29.8,192.7
125.2,53.2,152.7,6.4,51.3,31.4,116.7
133.9,35.5,153.8,7.1,68.4,29.6,154.8
53.8,36.0,252.3,7.0,67.5,34.5,29.4
136.3,59.8,213.6,6.7,56.5,27.5,203.9
140.9,58.0,120.7,6.9,85.5,29.0,183.2
157.6,40.5,137.6,7.4,70.7,26.2,175.0
88.5,42.9,201.6,6.4,71.8,23.9,179.6
81.6,41.3,155.0,6.8,64.2,25.8,157.4
158.3,61.6,168.3,6.1,66.4,25.7,205.3
139.4,54.8,157.3,6.6,77.5,32.8,126.4
111.1,50.8,284.7,6.1,75.6,22.0,195.9
142.7,34.1,117.6,6.7,63.7,27.6,164.0
172.7,32.3,119.0,6.4,70.2,23.3,175.9
129.2,56.3,169.6,7.3,71.2,29.0,169.0
135.9,65.0,196.0,6.1,59.6,28.7,187.5
148.2,12.3,157.2,7.2,65.4,24.5,151.3
142.4,25.8,101.7,6.3,72.9,30.9,118.7
115.8,52.6,163.7,6.5,63.9,27.8,182.9
122.6,42.1,132.7,6.8,49.0,26.7,153.4
63.5,33.7,230.0,5.7,61.6,25.1,155.3
80.6,53.1,223.7,7.2,73.1,28.3,170.8
198.0,29.0,141.8,5.6,66.4,24.9,178.5
101.6,55.8,159.9,6.8,54.3,29.6,144.6
68.6,39.7,218.2,6.5,69.6,27.5,181.9
160.5,64.9,227.9,6.6,41.3,25.0,208.9
174.0,42.5,136.1,6.8,73.5,29.4,184.6
80.6,56.7,241.9,6.6,53.9,27.6,187.1
121.0,39.5,220.0,6.8,70.6,35.3,46.2
113.4,33.2,269.6,6.8,66.6,25.0,198.9
110.7,37.8,219.1,7.0,79.0,27.5,188.9
94.7,45.7,100.5,6.8,63.6,29.1,127.5
95.1,26.6,180.7,7.0,64.3,25.5,158.1
105.2,58.3,189.9,6.3,72.3,30.6,157.7
136.6,44.7,194.2,6.2,69.0,26.7,198.0
114.3,17.0,210.0,6.1,55.0,31.6,102.7
126.9,27.2,163.7,6.1,55.9,26.0,161.7
124.7,31.3,187.1,6.2,65.3,28.8,167.4
114.1,31.6,164.5,6.4,63.9,32.8,92.4
100.4,47.3,85.9,5.5,82.7,25.0,147.4
94.3,42.6,161.8,6.0,73.3,32.3,100.3
108.8,49.7,125.9,6.5,67.3,26.0,173.9
119.5,36.4,199.9,6.8,59.5,25.4,183.3
77.0,56.6,272.7,6.1,55.3,26.0,188.2
96.4,36.6,179.4,6.2,66.0,23.0,155.8
149.4,35.2,174.2,6.4,58.5,33.5,93.0
95.5,50.6,171.5,6.5,64.4,26.7,185.2
123.7,32.8,165.9,6.6,63.3,24.0,169.5
77.2,56.0,170.5,6.5,66.1,25.9,174.6
157.8,63.2,174.3,6.9,64.4,29.2,190.7
160.6,56.5,218.3,6.2,68.1,29.0,214.5
127.7,34.8,172.5,6.6,66.0,22.3,158.7
123.8,38.8,162.0,6.9,65.8,33.8,65.3
134.0,52.0,131.9,7.2,48.6,29.4,138.4
115.9,42.6,156.7,7.3,62.9,24.6,160.0
98.7,61.5,187.4,6.6,69.8,27.2,193.6
145.9,61.8,226.3,6.0,56.0,26.9,210.1
98.2,58.6,184.5,7.7,57.3,25.1,154.2
132.5,64.4,193.9,5.3,67.3,24.7,188.4
158.2,35.0,185.1,6.8,34.1,33.7,68.7
84.2,37.6,109.1,6.7,75.7,24.2,150.5
115.6,52.0,162.8,6.9,62.3,28.8,162.2
120.4,66.7,206.1,6.5,47.7,25.7,199.1
55.3,34.1,201.9,6.7,68.4,24.3,159.4
105.2,42.3,187.3,6.8,64.0,28.4,166.2
122.2,51.0,162.6,6.6,55.0,28.2,174.8
81.3,43.8,216.4,6.6,65.0,24.4,175.3
150.0,18.7,155.2,6.4,65.6,29.5,152.9
170.1,38.3,256.2,6.8,71.1,27.7,222.0
164.4,39.5,178.1,6.9,71.3,26.6,206.2
182.6,40.5,221.1,6.6,61.9,23.8,213.3
111.2,32.9,147.0,5.8,52.7,26.4,143.1
155.7,42.0,169.8,6.2,66.0,19.2,111.9
130.2,19.3,200.7,6.6,71.8,26.0,191.1
83.0,34.0,172.8,6.2,70.1,31.1,119.7
91.6,38.3,148.6,7.5,74.0,26.2,146.5
108.0,44.3,271.7,6.6,74.0,27.7,214.0
66.6,54.2,196.4,7.0,72.7,29.4,150.5
119.3,37.7,206.8,6.8,51.5,29.6,154.5
120.9,51.1,124.8,6.6,56.1,27.8,162.5
206.6,41.2,164.8,6.3,65.9,26.2,215.0
129.1,28.7,155.6,6.5,51.2,24.8,169.7
161.6,46.8,158.9,6.5,82.6,25.7,222.6
136.8,50.1,145.3,6.4,61.0,25.3,187.4
99.4,62.3,221.0,7.2,57.8,23.4,168.5
90.9,44.1,163.0,5.8,59.4,33.4,52.1
102.8,48.7,251.0,5.5,57.3,29.3,156.8
110.0,58.6,193.6,6.0,60.0,27.0,178.7
155.0,47.2,165.6,5.9,57.7,32.0,121.9
157.5,26.2,156.6,6.8,45.7,26.0,166.9
108.2,37.1,78.4,6.0,55.7,25.5,134.3
112.6,53.7,210.8,6.5,90.0,33.3,131.4
96.0,44.0,83.6,6.8,65.5,27.9,139.4
114.3,50.8,197.0,6.8,88.9,29.0,189.8
128.3,58.5,175.5,7.0,58.0,27.9,173.2
103.4,48.2,174.7,6.5,49.5,29.1,152.4
124.3,47.1,209.0,6.6,58.4,28.3,193.6
100.8,43.6,207.7,6.8,83.6,25.5,197.9
160.5,48.4,149.2,6.1,75.1,24.8,199.4
126.9,43.7,229.0,6.3,50.2,32.6,120.0
102.8,51.6,158.3,6.1,71.9,28.8,163.3
162.7,42.6,184.5,6.1,70.3,29.6,183.0
67.4,45.5,193.1,6.5,74.5,28.5,171.2
116.1,20.7,214.5,7.1,70.9,30.9,131.5
166.5,43.8,208.0,7.1,70.5,30.5,176.7
157.3,34.8,215.4,6.2,59.8,21.8,167.5
144.2,37.3,196.3,7.0,62.8,27.6,193.5
118.9,42.1,117.8,5.7,48.8,29.4,114.6
151.1,41.9,168.8,6.5,59.3,25.5,194.1
142.3,56.5,215.5,6.9,63.1,29.7,186.5
153.0,49.7,82.0,6.0,76.3,23.5,169.4
89.2,43.1,152.3,7.0,67.1,29.0,138.8
154.0,33.8,123.2,6.7,71.4,27.4,182.0
92.5,19.6,237.8,6.2,72.2,26.3,178.2
81.3,45.3,206.2,6.1,56.4,31.7,108.0
119.7,67.4,157.5,7.0,57.2,21.6,145.6
117.8,30.1,248.0,6.6,45.5,29.3,161.1
158.8,57.7,173.8,7.1,69.1,25.2,204.8
113.6,39.5,242.1,6.8,66.1,25.8,197.2
129.7,36.3,165.8,7.2,61.9,28.5,153.6
89.4,63.1,168.5,6.2,62.0,27.3,170.0
82.7,53.9,151.5,6.5,57.9,34.0,54.0
109.0,38.0,242.1,6.2,65.9,29.6,172.0
137.7,50.1,207.1,6.8,66.2,28.7,189.0
198.6,34.3,177.4,7.2,61.6,28.5,189.7
88.1,57.4,187.8,6.2,63.0,25.8,176.8
174.8,63.8,205.4,6.4,62.8,35.4,77.7
111.4,35.7,192.5,6.6,48.9,32.4,99.2
162.9,62.5,300.0,5.8,80.0,24.9,250.5
75.4,41.7,213.0,6.6,72.5,28.3,174.4
127.9,47.7,216.7,6.5,80.2,25.6,223.2
124.8,56.5,164.4,6.9,50.9,22.8,154.3
106.4,49.9,164.6,6.8,67.6,33.5,78.1
111.7,28.6,170.1,6.0,67.1,20.7,115.1
120.0,41.5,109.8,7.1,56.2,30.9,106.2
123.9,40.0,189.9,6.8,72.8,28.8,184.0
62.7,48.6,162.8,6.9,61.2,20.0,88.4
82.0,53.5,136.7,7.6,55.0,28.2,125.0
93.3,67.9,181.5,6.7,60.7,24.9,191.8
40.0,60.0,202.3,6.8,52.8,26.1,151.3
78.4,41.3,200.9,6.9,62.2,24.6,151.8
142.4,45.7,216.1,6.5,58.3,27.7,202.1
129.3,59.3,90.7,6.2,56.7,28.2,156.7
91.9,42.7,159.1,6.6,65.4,29.8,138.8
148.2,20.8,163.3,6.4,77.2,29.6,169.6
119.8,39.8,163.0,6.5,76.7,31.3,140.6
91.6,38.9,213.3,6.8,68.6,30.9,139.5
138.8,46.8,85.4,6.6,79.2,26.8,177.8
160.2,36.1,170.7,6.4,52.6,29.9,160.8
109.3,33.6,157.9,6.4,63.9,25.8,170.1
142.2,38.9,276.9,7.0,68.3,29.5,199.8
128.8,31.3,131.3,6.4,66.2,31.5,119.5
129.8,63.3,165.3,6.2,84.9,24.4,205.8
82.2,53.4,231.8,6.0,42.8,29.8,133.5
78.8,23.5,106.2,6.4,56.1,26.7,124.4
86.3,43.3,260.8,6.6,84.2,28.5,198.7
129.4,58.8,208.9,6.9,65.2,31.6,150.3
117.9,53.0,172.4,7.1,61.4,26.3,174.5
114.3,47.6,236.8,6.2,60.6,26.7,196.9
158.9,44.7,181.3,6.9,75.5,35.1,61.9
166.1,36.4,106.4,7.3,78.0,20.5,116.9
63.2,30.1,148.5,6.7,71.2,34.9,1.6
55.5,46.0,130.6,6.2,61.8,35.2,-13.2
106.0,48.3,199.2,6.4,63.6,22.7,166.8
133.2,52.7,209.9,6.8,59.3,34.0,83.9
137.4,54.7,160.9,5.8,57.8,27.1,176.6
111.9,52.9,172.3,6.8,66.2,24.9,187.1
55.9,25.3,214.3,6.5,71.0,28.8,150.4
176.8,28.0,140.1,6.2,76.4,23.2,184.4
99.1,56.4,240.1,7.1,74.5,28.5,196.8
130.7,56.0,189.3,6.2,67.9,31.6,143.3
120.6,35.0,171.2,7.3,55.0,28.7,140.4
110.0,35.0,119.2,6.5,62.3,34.3,37.1
153.6,46.3,188.9,6.6,56.1,28.3,191.3
158.1,27.4,198.2,5.9,67.3,24.7,188.2
78.8,36.4,149.4,6.0,50.1,31.3,81.8
42.4,51.0,222.7,5.7,70.3,25.8,163.4
100.1,41.0,179.1,6.3,58.7,27.5,165.9
130.3,51.8,202.3,7.0,49.9,28.6,168.4
128.4,29.5,217.8,6.2,80.8,30.8,162.4
130.8,55.0,53.6,6.6,74.0,23.0,155.5
154.0,69.0,130.3,6.8,66.5,31.7,140.1
150.8,36.5,196.0,6.1,69.9,24.6,197.2
106.7,53.4,114.5,6.8,70.1,32.7,84.5
78.2,30.3,174.7,6.6,56.2,24.7,147.7
97.0,33.8,276.6,6.8,73.7,34.9,56.3
155.9,53.5,176.2,6.3,48.9,24.1,184.8
98.5,44.5,191.9,6.7,52.0,26.3,168.3
154.3,37.7,179.6,6.8,75.5,30.7,158.2
140.4,46.7,178.5,6.4,80.6,31.5,160.3
185.3,28.7,114.2,6.5,55.5,27.3,182.6
119.7,44.4,165.7,6.8,57.6,32.3,108.0
49.9,61.1,241.1,6.7,72.5,28.1,185.4
180.6,54.2,185.7,6.1,67.4,30.7,181.1
121.0,55.0,218.9,6.4,52.6,27.5,188.3
116.3,48.7,202.0,6.5,85.6,28.7,205.7
163.2,63.8,247.6,6.1,64.6,27.8,225.6
109.5,26.5,176.0,6.1,88.7,21.0,136.5
87.8,33.3,182.5,6.3,68.3,27.4,162.6
109.4,55.6,125.3,6.0,83.1,25.2,184.8
137.4,67.1,155.7,6.7,59.3,32.7,116.9
108.2,53.2,269.8,6.6,59.3,24.2,208.3
174.8,36.8,192.5,7.0,51.8,23.8,184.1
90.8,43.3,175.4,6.8,75.4,30.1,150.0
96.5,45.9,117.4,6.4,61.2,25.6,159.0
78.5,67.8,197.0,6.2,64.4,26.1,187.2
177.6,65.5,172.0,6.1,64.7,24.2,216.0
172.1,60.1,134.8,6.0,59.6,28.2,191.1
110.9,59.7,143.7,6.6,57.6,27.7,173.9
93.3,22.7,201.0,6.3,75.0,26.1,177.5
66.2,31.0,201.3,7.6,49.1,28.3,114.7
163.6,45.1,123.9,6.9,63.6,24.2,180.3
138.8,43.1,232.9,6.5,80.8,21.5,194.0
139.4,63.1,167.9,6.7,53.9,20.6,137.1
108.6,56.1,215.0,5.6,51.1,27.0,169.0
156.4,50.1,136.7,6.8,61.8,25.7,186.4
120.7,51.7,131.5,7.1,39.4,25.9,140.4
83.9,44.5,208.6,6.8,52.8,30.5,129.7
92.5,44.1,207.3,6.4,59.9,25.6,179.9
127.9,38.5,176.1,6.4,44.4,31.5,123.5
78.5,46.3,143.9,6.8,70.6,27.6,154.4
135.9,31.0,130.2,6.5,67.3,29.2,158.1
91.2,58.0,138.1,5.8,65.5,29.6,134.4
105.5,41.8,111.3,7.2,59.6,26.1,139.4
103.7,45.5,223.5,6.7,72.6,23.7,190.2
109.9,36.6,210.3,6.4,58.5,18.0,63.8
135.6,29.4,174.8,6.9,42.7,20.6,110.3
79.7,42.6,215.7,6.6,63.1,28.6,169.0
99.5,43.9,117.9,7.4,67.0,30.9,102.6
77.9,41.8,169.9,6.8,45.0,21.9,111.0
104.1,63.4,175.4,5.7,63.0,28.1,167.0
89.3,42.9,242.4,6.0,64.2,26.1,179.6
123.9,36.7,224.2,6.7,65.9,29.7,173.1
133.3,53.3,189.4,6.3,64.4,29.7,176.8
178.1,45.9,156.2,6.0,64.9,26.1,195.4
105.2,69.1,195.0,6.9,82.2,28.0,196.2
160.1,47.1,186.6,6.7,59.0,28.7,190.3
103.2,37.8,173.5,5.9,61.0,26.8,161.7
99.2,51.8,74.7,6.4,71.6,18.8,65.4
138.7,51.7,227.2,6.7,74.6,27.5,223.1
150.5,11.9,211.3,6.4,65.4,24.5,194.3
152.8,50.1,275.6,6.4,77.4,24.5,242.1
135.3,30.5,128.2,7.2,69.8,27.0,154.4
124.3,46.9,100.6,6.3,57.9,28.9,147.4
173.1,49.2,177.1,6.6,74.0,22.5,198.9
105.2,52.3,190.2,6.1,71.5,28.8,171.0
94.0,35.7,231.6,6.9,79.4,27.6,188.6
100.5,67.0,200.0,6.4,55.6,30.1,167.7
80.8,33.9,165.2,6.0,73.9,25.3,156.2
99.3,18.5,100.5,7.3,55.8,26.8,110.2
167.7,51.8,197.8,6.9,58.3,27.5,202.5
70.9,34.9,201.8,6.4,71.3,23.9,166.7
172.6,30.4,150.6,6.2,70.6,27.6,194.6
73.0,54.2,128.4,5.6,75.4,24.8,147.0
152.1,33.8,161.0,6.7,65.4,24.7,183.5
40.0,49.7,220.1,6.3,68.5,24.5,167.0
172.5,42.3,125.4,6.1,50.8,26.7,181.3
98.9,33.0,215.2,6.2,53.5,27.3,171.6
125.7,25.8,201.6,6.1,67.2,32.8,96.3
117.4,16.4,262.7,6.7,72.1,29.4,180.2
109.5,65.5,245.7,6.3,61.9,27.0,210.7
166.4,57.6,134.5,6.0,63.5,24.4,187.0
152.1,48.7,133.4,7.1,57.6,24.0,163.4
118.2,48.9,204.3,6.4,56.4,30.3,163.5
134.1,52.0,202.1,6.7,70.3,29.2,188.3
148.5,48.3,168.5,6.3,67.7,29.6,177.1
110.8,58.3,79.2,6.0,69.1,30.0,133.6
145.9,44.0,135.9,6.5,57.1,34.1,61.5
151.9,55.9,242.3,6.3,78.1,31.9,177.1
102.0,25.9,184.9,7.4,58.2,30.6,103.4
85.2,34.3,64.1,7.2,62.8,24.1,114.3
130.2,42.5,77.1,7.6,44.8,23.5,110.1
93.1,58.2,167.1,6.5,61.3,31.1,134.5
133.0,56.5,204.0,6.1,65.4,27.2,202.0
111.6,35.2,179.6,6.1,62.0,35.7,-3.7
150.4,39.5,130.8,6.0,78.7,25.0,183.0
147.5,36.5,122.7,6.1,63.5,29.3,151.0
183.6,41.0,170.0,6.2,35.6,34.3,62.5
157.9,46.5,152.7,6.8,57.0,25.9,188.8
136.1,48.0,148.0,7.2,74.5,28.2,175.6
101.6,45.0,191.1,6.2,66.5,25.2,178.4
89.4,66.8,222.8,6.6,74.7,28.7,198.1
136.0,37.7,117.3,5.9,71.4,26.8,162.1
159.9,67.2,257.6,6.1,63.8,28.1,231.6
146.9,33.3,168.8,7.1,71.2,24.0,178.4
116.1,36.1,183.2,6.5,69.2,30.5,155.7
103.3,47.2,162.5,7.0,61.9,27.5,167.2
155.0,78.9,117.0,5.8,55.6,26.3,183.7
127.8,40.7,168.9,6.5,63.3,25.2,182.9
66.3,46.9,253.9,6.1,70.9,30.6,150.2
166.6,10.0,174.9,5.9,70.3,28.4,168.0
53.2,47.5,149.9,6.2,82.2,27.8,153.9
96.6,40.2,176.6,6.3,65.5,30.7,132.7
107.8,52.8,207.1,6.6,80.5,28.5,197.6
138.3,61.4,154.2,7.5,84.7,23.9,190.1
103.8,36.6,226.1,7.5,74.2,23.7,162.0
99.2,27.1,195.0,6.5,63.1,27.7,168.3
119.1,67.7,186.3,6.4,61.2,26.9,202.9
154.5,40.6,154.9,5.9,63.6,25.2,181.8
110.0,47.5,168.1,6.6,74.5,32.2,125.1
183.6,36.2,174.9,6.6,67.5,30.8,170.9
128.2,42.3,197.9,6.4,79.6,30.7,166.4
105.1,33.4,202.2,6.7,65.7,30.2,148.1
107.2,47.7,204.0,6.4,68.0,29.3,175.9
100.0,43.1,180.6,6.5,64.9,29.4,162.3
140.1,59.3,215.5,5.7,70.3,31.1,155.1
111.3,26.6,142.5,6.4,76.2,23.1,157.7
115.1,51.0,147.2,6.2,45.2,23.9,150.0
101.0,36.2,201.6,7.2,66.7,23.4,158.4
174.7,40.6,157.0,6.7,56.6,21.8,158.8
62.7,38.0,196.8,6.5,56.8,25.5,157.4
109.9,69.1,207.5,6.6,85.1,33.3,129.4
131.7,54.2,221.3,7.2,68.9,19.3,127.7
129.7,53.4,160.6,6.8,50.5,23.7,168.3
121.2,57.8,189.0,6.8,56.3,29.2,171.2
142.7,42.8,201.6,6.4,69.9,25.9,205.3
127.6,35.5,211.9,6.1,64.7,27.4,188.3
114.0,42.9,130.3,7.5,69.3,27.3,147.8
88.8,35.9,249.6,6.8,64.6,28.5,177.3
130.2,41.7,86.4,6.6,64.9,26.1,163.4
87.2,51.9,168.4,6.9,60.8,24.8,164.7
59.1,66.4,155.9,6.3,57.2,24.6,155.4
149.0,50.7,152.2,5.7,65.7,21.0,136.8
112.0,59.8,160.4,6.6,75.1,21.8,167.2
105.3,58.7,176.5,6.6,67.1,37.1,-36.0
114.1,54.3,209.4,6.6,58.9,27.2,194.3
115.8,52.8,246.9,6.9,79.0,36.1,29.4
110.4,22.8,64.8,6.3,46.9,24.4,115.6
114.4,44.2,210.5,7.2,56.8,27.4,171.2
127.3,37.9,148.5,6.9,72.6,35.3,13.8
116.1,65.9,165.0,6.9,81.6,28.2,199.2
136.0,42.6,243.0,7.2,67.6,30.8,165.2
195.1,66.6,164.5,6.7,52.8,24.5,217.6
150.0,21.8,194.1,5.9,63.8,32.9,89.2
134.5,54.7,211.7,7.0,46.6,26.5,188.0
123.3,55.3,188.0,6.2,68.2,28.9,181.7
131.6,47.1,224.3,6.4,62.2,27.7,199.7
144.3,42.2,194.6,6.8,55.6,24.8,189.7
133.8,53.3,168.4,6.5,72.5,29.6,193.3
155.8,65.3,235.7,6.6,64.8,33.1,138.8
152.9,40.8,192.1,6.7,72.7,27.6,199.4
114.3,42.8,166.8,6.0,46.7,25.0,152.1
106.1,48.0,157.7,6.4,71.5,23.9,171.7
135.1,40.0,127.4,6.5,73.5,33.0,102.8
170.7,57.2,221.5,7.1,51.5,34.0,87.9
87.7,62.0,238.3,6.3,69.0,28.2,194.4
133.8,54.2,242.7,7.0,65.4,24.5,208.5
118.5,48.8,168.5,6.8,64.7,28.2,175.1
115.6,51.0,228.7,6.4,75.3,20.2,151.5
113.5,22.4,119.7,6.3,70.6,30.5,122.7
167.2,34.5,152.6,6.3,60.6,31.3,132.1
152.5,24.9,155.3,6.2,73.2,21.4,154.0
124.9,58.7,116.9,6.5,42.9,24.0,159.5
104.8,30.1,241.6,6.8,57.3,25.7,180.8
148.0,47.3,178.9,6.8,63.5,27.9,193.7
131.0,65.5,242.8,6.4,72.1,25.6,230.8
107.3,55.5,243.9,6.5,57.2,29.7,180.4
107.8,46.5,264.1,6.7,68.6,23.2,197.7
128.1,36.5,241.4,6.0,76.1,30.1,171.5
70.3,37.3,198.0,6.6,49.5,24.8,153.9
115.6,47.9,96.2,5.9,55.8,22.7,127.6
111.7,49.9,159.7,6.4,63.7,25.1,179.1
103.1,43.1,187.0,5.9,73.5,29.6,150.9
141.1,32.7,235.4,6.3,80.9,24.3,211.1
97.3,25.3,152.3,6.3,57.5,34.4,28.5
127.2,40.8,170.2,6.4,67.3,26.7,178.5
108.4,36.7,224.8,6.9,57.6,25.4,175.9
108.3,59.9,118.4,6.3,81.0,27.8,181.1
105.3,62.8,162.9,6.9,64.1,24.8,177.8
205.9,21.1,197.0,6.8,51.6,29.3,188.4
123.1,46.9,223.7,6.2,61.8,29.9,172.2
95.1,75.9,183.1,6.5,74.2,28.1,204.3
71.8,62.3,240.6,6.5,70.9,24.6,203.3
75.6,40.3,127.0,6.2,60.1,23.7,132.9
90.4,57.1,89.1,6.5,50.9,21.8,124.9
105.5,47.1,203.4,5.7,61.9,22.8,152.4
114.0,48.1,200.9,6.6,52.0,30.0,158.4
151.6,66.4,94.3,7.0,77.0,27.3,189.9
105.6,35.0,143.1,6.6,79.7,23.9,169.7
131.3,58.7,146.0,6.6,69.9,28.5,182.3
119.1,36.6,127.9,5.9,61.1,35.1,4.2
138.2,51.2,236.2,6.8,56.4,30.9,166.1
135.2,43.8,82.6,6.7,72.5,27.7,163.7
120.9,45.8,211.2,7.0,68.0,23.2,181.5
116.9,75.4,239.5,7.0,74.4,26.8,222.1
179.0,36.3,168.9,6.3,43.5,36.5,-16.2
123.2,65.0,208.0,6.4,69.2,35.1,69.9
85.7,36.2,125.2,7.1,81.3,32.3,80.9
102.5,45.3,205.8,5.9,70.1,28.7,176.5
69.8,60.3,131.2,6.6,59.0,26.1,157.6
100.5,45.9,245.0,6.1,75.0,29.1,190.8
75.9,48.4,215.7,6.2,60.4,23.5,168.4
150.8,44.4,168.9,6.8,62.9,30.4,154.4
187.3,45.1,111.7,6.5,84.9,25.1,216.3
128.3,55.8,219.7,6.6,64.6,30.5,177.4
97.0,53.7,152.4,7.0,60.4,23.3,148.5
97.6,37.0,188.9,6.9,52.7,24.5,156.0
81.6,54.3,164.7,6.7,58.6,27.6,160.1
78.1,49.7,192.2,6.7,65.2,30.4,141.8
112.4,55.1,155.1,6.9,75.8,26.3,188.7
150.6,52.9,83.7,6.1,54.6,19.3,78.8
108.0,52.6,174.3,5.9,68.9,20.1,119.3
66.7,39.1,232.4,6.5,66.6,18.0,68.6
183.5,36.1,194.3,6.8,61.0,30.8,172.5
63.0,53.9,143.7,7.0,61.1,33.9,29.4
138.3,47.9,131.0,6.5,73.8,31.2,151.7
177.5,59.8,156.0,6.9,61.8,30.0,177.8
156.1,57.0,205.1,6.7,56.7,32.2,146.4
143.8,64.3,106.4,6.0,66.6,32.4,106.1
60.7,41.8,248.4,6.6,81.0,28.9,183.5
144.6,42.1,146.0,7.0,52.0,31.6,118.7
98.6,46.2,160.6,6.3,47.9,29.8,129.9
119.4,35.4,251.8,6.7,72.9,31.2,156.2
76.6,54.1,158.0,6.3,60.1,21.6,131.2
82.5,71.7,160.0,6.4,61.4,27.9,173.8
89.5,55.0,119.8,6.4,62.7,29.6,134.9
177.5,61.4,122.9,6.5,63.8,20.2,151.0
92.8,38.5,260.8,6.0,70.9,22.9,175.4
78.5,56.4,199.5,6.9,66.5,27.0,176.2
47.7,49.2,203.6,6.9,77.4,27.3,170.6
174.6,27.6,173.5,6.9,60.4,23.4,177.1
140.3,43.8,50.0,6.1,77.7,25.8,168.4
103.7,36.4,279.8,6.8,54.9,28.4,182.0
46.5,63.5,98.3,6.9,48.4,29.3,107.6
87.6,17.6,167.8,6.7,56.5,32.2,76.4
96.2,38.1,144.5,6.2,56.4,22.4,124.1
181.4,47.3,206.1,6.3,50.2,31.8,147.4
93.3,34.4,138.2,7.1,65.2,25.5,147.6
139.8,61.1,148.1,6.5,64.3,20.1,141.2
68.3,59.2,170.6,6.2,76.1,30.3,142.3
109.4,50.7,215.6,6.2,60.1,28.2,183.6
150.7,39.3,161.4,6.3,61.5,30.3,156.7
101.3,33.7,153.0,6.7,79.9,23.2,164.5
77.2,49.7,96.1,5.7,47.9,24.6,113.9
142.7,51.4,97.3,5.9,77.2,25.7,175.2
137.7,49.4,110.2,5.9,60.7,30.3,132.7
129.0,43.9,155.0,6.8,54.2,21.9,148.1
153.8,50.6,203.0,6.1,75.0,29.6,194.8
105.8,40.4,134.3,5.8,61.3,26.3,150.2
131.4,50.2,220.7,6.4,62.9,28.1,197.3
86.2,49.5,229.6,6.6,79.2,29.4,181.3
112.1,43.3,165.7,6.2,79.3,24.2,180.8
122.0,34.1,225.2,6.3,71.3,30.1,172.2
54.7,38.4,149.9,7.0,69.4,32.6,69.1
101.9,50.8,72.1,7.1,70.0,28.7,137.4
141.2,51.4,238.2,6.6,75.5,30.6,195.7
72.1,56.6,138.0,6.3,66.6,25.6,163.0
98.6,43.8,243.4,6.8,47.9,21.1,130.9
123.3,36.1,134.5,6.5,70.7,30.5,141.6
211.1,30.4,73.8,6.5,80.8,24.1,194.6
149.4,46.6,184.1,6.9,61.1,26.4,199.3
103.6,73.4,90.3,5.9,78.3,32.0,102.5
72.8,36.2,208.5,6.5,74.9,27.8,176.2
109.2,48.5,116.2,6.5,62.3,31.6,117.5
121.0,35.9,163.1,7.5,57.7,33.8,44.2
152.9,60.0,239.6,6.3,62.8,29.7,199.8
104.0,44.2,143.6,6.8,52.6,27.9,148.8
145.3,68.8,212.3,6.6,68.4,35.1,87.5
153.3,48.4,218.8,6.5,65.0,21.5,187.1
112.8,42.3,142.7,6.6,50.4,28.8,148.0
143.5,43.3,179.5,7.2,67.6,25.7,191.6
109.0,21.4,225.2,6.6,74.0,33.6,89.5
120.8,44.2,172.9,6.1,63.7,26.3,180.7
74.4,55.3,221.9,6.2,51.9,28.5,156.3
121.4,39.7,235.5,7.0,76.0,33.1,113.0
145.8,46.9,219.7,6.5,68.8,28.0,214.9
137.5,35.6,214.5,6.8,64.6,27.3,194.7
112.7,44.3,227.8,6.1,76.0,25.3,203.0
150.3,37.8,142.7,6.3,72.8,23.5,183.8
102.3,57.2,179.8,5.9,71.1,21.8,146.9
113.1,33.8,133.4,7.1,82.8,29.0,152.7
79.0,43.2,160.7,6.0,67.3,21.0,110.0
140.5,83.9,155.9,6.8,43.0,22.9,180.6
107.1,49.2,208.5,6.2,70.6,27.4,191.8
127.0,44.7,160.4,6.6,64.6,26.7,190.7
125.8,37.4,217.1,6.6,67.4,29.7,168.6
119.9,42.0,52.6,6.3,77.8,24.7,158.7
129.3,43.2,250.4,6.3,72.2,35.4,66.2
142.5,62.0,147.9,6.3,64.9,27.4,195.4
117.4,60.8,83.0,6.9,66.0,28.1,159.2
136.7,64.4,202.6,7.1,66.6,31.5,154.8
125.2,28.4,211.4,5.7,75.2,26.6,183.0
137.5,42.7,201.7,6.5,78.8,27.7,207.2
112.7,24.6,263.3,6.2,50.2,28.4,166.8
151.2,80.7,168.0,6.7,54.8,24.9,212.8
138.9,50.6,170.8,6.7,63.0,25.5,194.7
94.7,34.1,180.0,6.6,52.3,27.5,154.1
115.1,38.6,126.8,7.0,82.4,26.6,170.0
97.6,58.6,130.7,6.2,75.8,26.4,175.5
66.3,10.0,230.6,6.4,76.9,20.9,120.5
113.6,31.2,191.5,7.3,66.7,27.7,166.2
159.9,35.1,147.9,6.1,73.4,19.9,127.6
140.5,21.1,181.4,7.2,45.2,28.3,140.2
119.7,54.5,221.2,6.9,82.4,27.5,208.5
132.9,34.0,150.0,6.1,39.5,27.0,149.7
139.9,40.8,170.7,6.4,69.8,27.8,193.8
156.7,55.4,214.8,6.6,63.9,29.1,204.0
145.3,48.1,222.6,6.5,64.6,24.5,214.4
184.0,58.7,64.7,7.0,72.3,25.4,193.1
154.8,69.9,125.4,6.5,65.5,32.4,137.9
67.8,48.5,226.4,6.1,77.3,24.0,173.0
124.0,45.9,128.9,6.7,59.4,25.6,168.9
151.2,61.6,174.9,5.9,57.0,28.0,184.3
114.0,14.8,250.8,5.4,58.5,27.1,159.0
73.2,36.7,199.9,6.5,57.7,28.0,157.6
121.5,46.4,186.6,6.2,61.1,28.1,174.5
101.7,23.0,186.2,6.7,53.2,25.6,159.6
53.1,51.0,174.9,6.3,78.1,28.2,164.5
116.2,59.5,187.8,6.2,70.7,34.8,61.2
152.5,39.5,228.7,6.0,67.6,28.8,201.1
141.5,29.5,114.4,6.6,59.7,28.0,162.0
141.2,42.6,169.4,6.7,80.3,27.4,202.7
125.2,44.3,184.8,6.1,64.3,24.9,184.0
88.1,29.4,197.4,6.1,52.7,31.4,95.4
157.1,20.2,183.2,6.7,53.0,28.2,166.3
113.3,30.9,154.0,6.7,74.4,22.5,155.5
101.9,19.5,244.7,6.0,79.7,27.8,180.6
125.6,37.7,214.1,7.0,56.8,29.3,164.3
172.1,50.8,185.2,6.6,71.9,25.7,218.9
135.4,58.0,193.7,6.4,80.7,27.6,218.2
130.7,65.1,262.5,6.7,70.1,23.1,220.8
92.8,37.4,184.5,6.1,76.6,27.3,173.1
178.8,29.5,195.4,6.9,53.7,28.6,188.1
147.3,44.9,132.7,7.2,70.7,31.6,118.2
169.4,18.4,209.2,6.0,71.3,28.2,192.3
175.6,34.6,175.7,6.1,65.8,24.9,199.3
84.5,53.4,121.3,6.5,49.9,24.8,145.8
146.9,28.9,280.9,5.8,75.8,33.9,103.6
144.0,32.0,167.6,6.4,69.5,27.6,183.3
65.7,37.1,212.4,6.2,56.7,26.7,156.9
130.9,39.3,135.5,6.8,73.0,32.8,91.0
106.4,76.5,253.3,7.4,66.3,32.7,130.8
60.3,37.9,205.9,7.2,52.0,31.6,84.1
144.0,47.4,119.7,6.3,47.8,27.5,158.0
114.1,46.1,143.8,5.9,76.1,25.9,174.1
118.3,40.5,104.9,7.1,82.9,28.2,155.6
142.8,40.1,151.9,6.4,55.6,20.3,122.0
122.5,54.2,275.3,6.2,57.9,26.0,211.3
133.6,51.6,65.3,6.0,62.6,33.4,58.2
82.5,41.8,75.9,6.1,71.4,26.4,139.9
143.8,61.7,133.7,6.6,72.7,29.4,183.3
109.2,48.9,158.1,6.6,92.3,30.1,176.4
89.3,38.9,176.8,6.8,70.1,19.7,98.9
109.1,53.2,117.0,6.7,73.7,33.0,85.5
142.6,55.6,205.1,7.0,49.4,22.0,164.8
76.1,33.8,172.3,6.7,39.1,23.2,124.9
140.5,45.8,109.8,6.3,56.6,24.5,169.6
108.6,43.8,194.9,6.7,40.6,31.1,119.7
176.2,76.0,183.7,6.9,72.5,31.9,173.8
141.9,54.2,171.0,5.9,79.6,20.6,149.3
129.9,40.3,103.3,6.8,67.6,32.2,95.6
144.6,50.0,178.3,6.6,55.1,29.4,171.1
104.4,69.6,130.7,6.3,56.0,26.9,172.1
134.3,30.6,114.4,6.4,75.3,29.9,154.6
114.2,55.5,169.2,6.5,78.1,23.7,190.6
103.4,57.4,157.9,6.7,76.6,31.1,142.3
127.8,40.5,217.5,6.8,50.4,34.2,66.6
116.3,58.2,167.6,6.3,59.2,21.4,148.9
160.6,41.2,300.0,7.0,58.0,27.3,221.7
129.4,49.8,294.9,6.8,79.4,25.3,238.1
130.4,55.0,134.1,6.5,72.3,26.0,199.2
114.9,40.4,124.3,6.6,51.5,28.3,147.5
158.8,43.8,205.1,6.1,81.3,30.2,193.4
64.0,56.1,157.3,6.9,58.1,31.2,108.3
64.3,40.5,202.6,7.0,59.1,32.5,82.2
84.5,25.4,108.1,6.1,66.8,24.3,126.9
120.6,29.8,206.2,6.8,59.5,28.6,173.6
60.5,62.9,201.5,7.0,52.3,29.7,136.8
88.1,45.8,167.2,6.1,80.3,25.4,181.9
140.6,55.2,200.5,6.3,72.0,31.7,161.6
136.1,40.5,128.4,6.7,59.1,30.9,129.6
75.9,19.3,159.9,6.9,82.7,26.8,152.7
141.1,37.8,140.7,5.6,67.6,21.7,130.9
166.5,30.5,212.6,6.4,57.1,35.9,31.9
184.7,45.4,121.7,6.3,50.5,22.3,163.4
125.3,57.1,110.5,6.0,58.6,33.6,65.3
128.9,43.9,148.2,6.8,57.4,24.5,166.5
117.0,26.4,253.0,6.4,70.6,28.5,198.3
171.1,39.4,148.9,5.4,57.0,29.2,147.3
135.9,47.3,160.4,6.6,53.5,24.6,184.3
91.8,45.6,131.8,6.8,71.4,23.8,159.5
145.4,38.9,214.3,6.3,54.5,28.8,178.0
101.6,42.3,149.1,6.3,55.9,28.0,153.9
137.9,57.2,132.5,6.2,72.9,25.6,185.2
81.7,48.9,194.9,6.5,55.0,27.1,169.1
116.6,30.8,158.6,6.1,62.1,23.3,152.6
193.4,29.5,135.0,6.8,75.0,25.2,205.8
84.1,51.3,185.4,6.5,82.8,23.1,181.0
127.1,55.0,199.8,6.4,58.2,28.3,186.6
155.1,60.1,211.5,6.1,71.8,23.4,212.7
113.0,49.2,179.4,6.3,61.0,26.8,189.1
152.5,50.4,215.0,5.4,62.7,32.6,107.9
134.2,48.7,145.9,6.6,48.3,31.0,132.0
101.6,41.6,192.9,6.8,77.1,28.4,181.6
96.3,30.6,118.8,6.3,65.9,31.3,98.5
126.1,55.1,100.0,7.2,54.7,22.5,131.9
66.2,39.5,154.6,6.5,61.8,22.4,127.0
81.5,58.9,196.3,6.7,90.7,23.0,190.9
125.9,40.8,178.1,6.1,72.3,28.1,175.1
83.4,32.4,147.7,6.2,59.1,25.3,143.2
112.5,49.8,90.6,6.4,75.5,21.3,130.1
83.5,43.6,144.3,7.2,56.9,30.7,100.1
157.6,31.9,228.8,6.4,73.3,30.2,190.6
147.1,23.5,212.5,6.3,74.2,27.3,203.0
133.6,50.4,173.9,6.6,66.3,33.5,96.9
125.7,38.4,183.7,6.9,62.3,29.5,155.3
104.0,49.4,146.0,6.5,85.2,26.6,193.2
85.2,48.4,199.0,6.2,51.0,22.1,138.7
183.9,52.4,191.7,6.5,80.7,28.3,236.9
138.6,43.4,107.5,6.3,48.5,27.8,160.8
115.1,48.3,139.2,6.5,65.4,21.9,147.8
133.4,36.2,255.6,6.7,63.2,29.7,186.6
148.8,62.4,187.1,6.5,77.6,25.3,225.9
159.4,40.1,223.1,6.8,51.8,26.3,208.4
170.7,59.8,189.4,6.7,61.9,26.0,221.0
142.3,47.4,130.6,6.4,47.6,26.0,171.6
95.3,54.5,203.8,6.3,58.9,28.5,173.8
122.5,64.5,202.4,6.9,64.8,27.9,189.6
135.3,36.9,221.7,7.1,66.9,31.3,142.1
117.6,57.1,213.8,6.1,80.0,24.5,213.4
122.6,39.8,129.6,6.5,52.5,28.2,155.1
40.0,50.4,201.3,6.5,63.2,27.6,165.3
170.5,42.8,243.6,5.8,82.1,23.7,224.4
115.2,48.8,106.9,6.5,50.2,27.0,159.1
171.8,31.0,180.1,6.5,52.8,24.2,192.6
148.5,53.0,176.8,6.9,57.8,25.3,189.1
132.4,35.2,128.1,6.8,70.5,29.2,158.8
181.4,50.7,153.6,7.0,61.4,28.0,190.5
99.2,46.4,195.6,6.6,75.8,32.8,118.3
203.3,42.8,261.1,7.0,67.7,25.9,244.7
122.9,56.5,169.8,5.9,52.4,28.5,162.3
64.1,60.3,179.0,6.6,65.0,26.8,172.7
98.7,64.3,152.4,6.3,55.3,25.5,164.9
123.7,12.8,80.8,5.9,53.9,24.0,112.1
65.0,59.7,166.9,6.7,74.2,31.8,120.6
115.8,47.5,136.0,6.3,73.0,22.3,160.3
106.1,45.0,220.3,6.5,67.0,34.9,59.5
98.4,69.2,100.3,6.1,66.6,27.7,169.8
103.2,64.9,126.0,6.0,74.8,19.6,107.5
96.1,65.8,200.4,7.4,69.1,28.1,178.8
126.1,40.6,165.8,6.6,83.4,30.5,164.4
128.5,57.2,186.8,6.2,57.3,27.0,192.7
115.9,22.4,203.2,5.8,69.1,38.0,-85.7
121.9,35.0,143.1,6.3,68.3,27.8,167.4
129.3,41.1,191.4,6.4,55.7,25.0,182.7
137.1,43.3,165.5,6.0,70.0,21.9,154.9
126.8,34.0,146.2,6.5,62.0,25.2,171.1
176.3,65.5,165.9,6.3,64.5,30.0,192.1
171.6,45.5,230.4,6.8,68.6,26.2,222.2
88.5,32.8,113.9,6.4,63.4,23.8,136.4
88.0,31.5,300.0,6.6,65.3,26.2,197.8
89.0,48.2,239.8,6.7,49.4,26.4,179.5
143.3,42.1,148.5,6.5,70.3,25.7,198.3
102.0,52.1,167.8,6.5,55.0,36.4,-24.5
155.7,39.3,159.4,7.2,63.9,28.3,172.9
92.2,52.9,184.1,6.8,55.2,35.1,20.1
76.8,60.0,181.0,7.2,49.1,21.5,114.5
67.9,36.5,234.8,6.1,74.8,27.0,170.6
69.9,55.1,243.8,6.0,95.0,29.2,193.6
107.5,49.3,224.8,6.6,63.5,28.1,192.2
181.7,50.6,167.2,6.5,76.0,25.9,226.1
141.7,31.0,182.6,6.1,69.3,24.3,186.2
123.8,59.1,144.2,6.1,64.5,28.9,156.9
98.5,60.5,147.3,6.8,80.7,28.7,182.9
109.9,26.7,241.7,6.7,65.1,33.0,103.6
96.4,54.5,201.7,5.9,75.2,30.7,136.6
107.9,90.0,133.2,7.1,84.6,27.3,201.8
126.0,45.5,224.3,7.0,57.5,29.2,174.9
139.4,60.5,183.0,6.7,80.0,26.6,224.0
109.2,47.5,236.8,6.2,52.3,27.8,180.7
